81003;;1;XS-XL;BLFZ, BLKZ, CBLZ, CHCZ, CRBZ, DKPZ, DSGZ,DWHZ, EGPZ, GBLZ, HTRZ, KHIZ,NVYZ, OLIZ, PEWZ, RVBZ, RYLZ, WINZ;;GEN FLEX Pantalón caballero cargo, tiro bajo, pierna recta, cintura elástica con cordón                                                                                                                                                       (52% algodón, 45% poliester, 3% spandex);22,00 €
81003 EX ;;1;2XL-5XL;BLFZ, BLKZ, CBLZ, CHCZ, CRBZ, DKPZ, DSGZ,DWHZ, EGPZ, GBLZ, HTRZ, KHIZ,NVYZ, OLIZ, PEWZ, RVBZ, RYLZ, WINZ;;GEN FLEX Pantalón caballero cargo, tiro bajo, pierna recta, cintura elástica con cordón                                              (52% algodón, 45% poliester, 3% spandex);24,10 €
81003T ;;1;S-XL ;BLKZ, CBLZ, DKPZ, NVYZ, PEWZ, RYLZ;;GEN FLEX Pantalón caballero cargo, tiro bajo, pierna recta, cintura elástica con cordón                                              (52% algodón, 45% poliester, 3% spandex);23,40 €
81003T EX;;1;2XL-3XL ;BLKZ, CBLZ, DKPZ, NVYZ, PEWZ, RYLZ;;GEN FLEX Pantalón caballero cargo, tiro bajo, pierna recta, cintura elástica con cordón                                      (52% algodón, 45% poliester,3% spandex);25,50 €
81006;;1;S-XL;BLWZ, CAWZ, CIWZ, HUWZ, KHIZ, NVWZ, OLWZ, PTWZ, REWZ, ROWZ, WHWZ, WIWZ , GBWZ , GRWZ;;EDS SIGNATURE Pantalón caballero cargo, tiro medio, pierna recta                                                                                                                                (55% algodón ,45% poliester);17,80 €
81006 EX;;1;2XL-5XL;BLWZ, CAWZ, CIWZ, HUWZ, KHIZ, NVWZ, OLWZ, PTWZ, REWZ, ROWZ, WHWZ, WIWZ , GBWZ , GRWZ;;EDS SIGNATURE Pantalón caballero cargo, tiro medio, pierna recta                                                                     (55% algodón, 45% poliester);19,90 €
81006T ;;1;S-XL;BLWZ, CAWZ, CIWZ, HUWZ, KHIZ, NVWZ, OLWZ, PTWZ, REWZ, ROWZ, WHWZ, WIWZ , GBWZ ;;EDS SIGNATURE Pantalón caballero cargo, tiro medio, pierna recta                                                                                                                                (55% algodón, 45% poliester);19,20 €
81006T EX;;1;2XL-3XL;BLWZ, CAWZ, CIWZ, HUWZ, KHIZ, NVWZ, OLWZ, PTWZ, REWZ, ROWZ, WHWZ, WIWZ , GBWZ;;EDS SIGNATURE Pantalón caballero cargo, tiro medio, pierna recta                                                                                                                               (55% algodón, 45% poliester);21,30 €
81100;;1;S-XL;BLWZ, NVWZ, PTWZ;;EVOLUTION NXT Pantalón caballero cargo, tiro medio, pierna recta, cintura elástica con botón                                         (59% algodón, 38% poliester, 3% spandex);20,60 €
81100 EX;;1;2XL-3XL;BLWZ, NVWZ, PTWZ;;EVOLUTION NXT Pantalón caballero cargo, tiro medio, pierna recta, cintura elástica con botón                                         (59% algodón, 38% poliester, 3% spandex);22,70 €
81210;;1;S-XL;BLKZ, NVYZ, PEWZ;;XTREME STRETCH Pantalón caballero cargo, tiro medio, pierna recta.                                                                                (75% algodón, 21% rayón, 4% spandex);22,35 €
81210 EX;;1;2XL-5XL;BLKZ, NVYZ, PEWZ;;XTREME STRETCH Pantalón caballero cargo, tiro medio, pierna recta.                                                                                (75% algodón, 21% rayón, 4% spandex);24,45 €
81403;;1;XS-XL;DWHZ;;GEN FLEX Bata Americana M/L caballero, cierre central corchetes (52%algodón/45%poliester/3%spandex);22,70 €
81403 EX;;1;2XL-3XL;DWHZ;;GEN FLEX Bata Americana M/L caballero, cierre central corchetes (52%algodón/45%poliester/3%spandex);24,80 €
81404;;1;XS-XL;DWHZ;;LAB COATS Bata caballero M/L , corte clásico, cierre abotonado central                                                                       ( 65% poliester /35% algodón );15,70 €
81404 EX;;1;2XL-5XL;DWHZ;;LAB COATS Bata caballero M/L , corte clásico, cierre abotonado central                                                                       ( 65% poliester /35% algodón );17,80 €
81404A;;1;XS-XL;WHWZ;;LAB COATS Bata caballero M/L , corte clásico, cierre abotonado central                                                                       ( 65% poliester /35% algodón ) Centainty;17,10 €
81404A EX;;1;2XL-5XL;WHWZ;;LAB COATS Bata caballero M/L , corte clásico, cierre abotonado central                                                                       ( 65% poliester /35% algodón ) Centainty;19,20 €
81404AB ;;1;XS-XL;WHWZ;;LAB COATS Bata caballero M/L , corte clásico, cierre abotonado central                                                                       ( 65% poliester /35% algodón ) Certainty Plus;19,20 €
81404AB EX;;1;2XL-5XL;WHWZ;;LAB COATS Bata caballero M/L , corte clásico, cierre abotonado central                                                                       ( 65% poliester /35% algodón ) Certainty Plus;21,30 €
81722;;1;XS-XL;BLFZ, BLKZ, CBLZ, CHCZ, CRBZ, DKPZ, DSGZ, DWHZ, EGPZ,GBLZ, HTRZ,KHIZ, NVYZ, OLIZ, PEWZ, RVBZ, RYLZ, WINZ;;GEN FLEX Filipina caballero cuello v, corte clásico                                                                                                                                                                     (52% algodón/ 45% poliester /3% spandex);18,85 €
81722 EX;;1;2XL-5XL;BLFZ, BLKZ, CBLZ, CHCZ, CRBZ, DKPZ, DSGZ, DWHZ, EGPZ,GBLZ, HTRZ,KHIZ, NVYZ, OLIZ, PEWZ, RVBZ, RYLZ, WINZ;;GEN FLEX Filipina caballero cuello v, corte clásico                                                                                                                                                           (52% algodón/ 45% poliester /3% spandex);20,95 €
817355;;1;XXS-XL;BLKZ, CBLZ, CRBZ, CRMZ, DKPZ, DSGZ, DTLZ, DWHZ, EGPZ, GBLZ, GPWZ, HPKZ, HTRZ, ITQZ, KHIZ, NVYZ, OLIZ, PEWZ, RVBZ, RYLZ, WINZ,CHCZ;;GEN FLEX Filipina  señora cuello V cruzado, corte entallado                                                                                        (52% algodón, 45% poliester, 3%spandex);20,25 €
817355 EX ;;1;2XL-5XL;BLKZ, CBLZ, CRBZ, CRMZ, DKPZ, DSGZ, DTLZ, DWHZ, EGPZ, GBLZ, GPWZ, HPKZ, HTRZ, ITQZ, KHIZ, NVYZ, OLIZ, PEWZ, RVBZ, RYLZ, WINZ;;GEN FLEX Filipina  señora cuello V cruzado, corte entallado                                                                                           (52% algodón, 45% poliester, 3% spandex);21,65 €
817455;;1;XXS-XL;BLKZ, CBLZ, CRBZ, CRMZ, DKPZ, DSGZ, DTLZ, DWHZ, EGPZ, GBLZ, GPWZ, HPKZ, HTRZ, ITQZ, KHIZ, NVYZ, OLIZ, PEWZ, RVBZ, RYLZ, WINZ;;GEN FLEX Filipina señora cuello V, corte entallado                                                                                                            (52% algodón, 45% poliester, 3% spandex);18,85 €
817455 EX ;;1;2XL-5XL;BLKZ, CBLZ, CRBZ, CRMZ, DKPZ, DSGZ, DTLZ, DWHZ, EGPZ, GBLZ, GPWZ, HPKZ, HTRZ, ITQZ, KHIZ, NVYZ, OLIZ, PEWZ, RVBZ, RYLZ, WINZ;;GEN FLEX Filipina señora cuello V, corte entallado                                                                                                                                                              (52% algodón, 45% poliester, 3% spandex);20,25 €
81800;;1;S-XL;BLWZ, NVWZ, PTWZ;;EVOLUTION NXT Filipina caballero, cuello V, corte clásico                                                                                                                                                           ( 59%algodón, 38% poliester, 3% spandex);17,10 €
81800 EX;;1;2XL-3XL;BLWZ, NVWZ, PTWZ;;EVOLUTION NXT Filipina caballero, cuello V, corte clásico                                                                                                                                                                  ( 59%algodón, 38% poliester, 3% spandex);19,20 €
81906;;1;S-XL;BLWZ, CAWZ, CIWZ, GBWZ, HUWZ, KHIZ, NVWZ, OLWZ,PTWZ, REWZ, ROWZ, WHWZ, WIWZ, GRWZ;;EDS SIGNATURE Filipina caballero cuello V, corte clásico                                                                                     (55% algodón, 45%poliester);16,40 €
81906 EX;;1;2XL-5XL;BLWZ, CAWZ, CIWZ, GBWZ, HUWZ, KHIZ, NVWZ, OLWZ,PTWZ, REWZ, ROWZ, WHWZ, WIWZ , GRWZ;;EDS SIGNATURE Filipina caballero cuello V, corte clásico                                                                                      (55% algodón, 45%poliester);18,50 €
81910;;1;S-XL;BLKZ, NVYZ, PEWZ;;XTREME STRETCH Fipilina caballero cuello V, corte clásico                                                                                (75% poliester, 21% rayón, 4% spandex);18,50 €
81910 EX ;;1;2XL-5XL;BLKZ, NVYZ, PEWZ;;XTREME STRETCH Fipilina caballero cuello V, corte clásico                                                                                   (75% poliester, 21% rayón, 4% spandex);20,60 €
82011;;1;XXS-XL;BLKZ, CBLZ, CRBZ, DTLZ, DWHZ,EGPZ, GBLZ, GPWZ, HPKZ, HTRZ, ITQZ, KHIZ, MLBZ, NVYZ, OLWZ, PEWZ, REWZ, RYLZ, WINZ , PWT , CRYB;;XTREME STRETCH Pantalón señora cargo, tiro medio, pierna recta, cintura elástica con cordón                                                       (75% poliester, 21% rayón, 4% spandex);19,90 €
82011 EX;;1;2XL-5XL;BLKZ, CBLZ, CRBZ, DTLZ, DWHZ,EGPZ, GBLZ, GPWZ, HPKZ, HTRZ, ITQZ, KHIZ, MLBZ, NVYZ, OLWZ, PEWZ, REWZ, RYLZ, WINZ , PWT , CRYB;;XTREME STRETCH Pantalón señora cargo, tiro medio, pierna recta, cintura elástica con cordón                                                       (75% poliester, 21% rayón, 4% spandex);22,00 €
82011P ;;1;XXS-XL ;BLKZ, CBLZ, CRBZ, DTLZ, DWHZ,EGPZ, GBLZ, GPWZ, HPKZ, HTRZ, ITQZ, KHIZ, MLBZ, NVYZ, OLWZ, PEWZ, REWZ, RYLZ, WINZ , PWT  ;;XTREME STRETCH Pantalón señora cargo, tiro medio, pierna recta, cintura elástica con cordón                                                       (75% poliester, 21% rayón, 4% spandex);19,90 €
82011P EX ;;1;2XL-3XL;BLKZ, CBLZ, CRBZ, DTLZ, DWHZ,EGPZ, GBLZ, GPWZ, HPKZ, HTRZ, ITQZ, KHIZ, MLBZ, NVYZ, OLWZ, PEWZ, REWZ, RYLZ, WINZ, ABUD , PWT , CRYB;;XTREME STRETCH Pantalón señora cargo, tiro medio, pierna recta, cintura elástica con cordón                                                       (75% poliester, 21% rayón, 4% spandex);22,00 €
82011T;;1;XS-XL;BLKZ, CBLZ, CRBZ, DTLZ, DWHZ,EGPZ, GBLZ, GPWZ, HPKZ, HTRZ, ITQZ, KHIZ, MLBZ, NVYZ, OLWZ, PEWZ, REWZ, RYLZ, WINZ , PWT;;XTREME STRETCH Pantalón señora cargo, tiro medio, pierna recta, cintura elástica con cordón                                                       (75% poliester, 21% rayón, 4% spandex);21,30 €
82011T EX;;1;2XL;BLKZ, CBLZ, CRBZ, DTLZ, DWHZ,EGPZ, GBLZ, GPWZ, HPKZ, HTRZ, ITQZ, KHIZ, MLBZ, NVYZ, OLWZ, PEWZ, REWZ, RYLZ, WINZ , PWT;;XTREME STRETCH Pantalón señora cargo, tiro medio, pierna recta, cintura elástica con cordón                                                       (75% poliester, 21% rayón, 4% spandex);22,70 €
82012;;1;XXS-XL;BLKZ, CBLZ, CRBZ, DTLZ, DWHZ, EGPZ, GBLZ, HTRZ, KHIZ, NVYZ, PEWZ, RYLZ, WINZ ;;XTREME STRETCH Pantalón señora cargo, tiro medio, pierna recta, cintura elástica.                                                  (75% poliester, 21%rayon ,4% spandex);19,90 €
82012 EX ;;1;2XL-5XL;BLKZ, CBLZ, CRBZ, DTLZ, DWHZ, EGPZ, GBLZ, HTRZ, KHIZ, NVYZ, PEWZ, RYLZ, WINZ ;;XTREME STRETCH Pantalón señora cargo, tiro medio, pierna recta, cintura elástica.                                                  (75% poliester, 21%rayon ,4% spandex);22,00 €
82012P;;1;XS-XL ;BLKZ, CBLZ, DWHZ, NVYZ,PEWZ, RYLZ.;;XTREME STRETCH Pantalón señora cargo, tiro medio, pierna recta, cintura elástica.                                                  (75% poliester, 21%rayon ,4% spandex);19,90 €
82012P EX;;1;2XL-3XL;BLKZ, CBLZ, DWHZ, NVYZ,PEWZ, RYLZ.;;XTREME STRETCH Pantalón señora cargo, tiro medio, pierna recta, cintura elástica.                                                  (75% poliester, 21%rayon ,4% spandex);22,00 €
82012T;;1;XS-XL ;BLKZ, CBLZ, DWHZ, NVYZ,PEWZ, RYLZ.;;XTREME STRETCH Pantalón señora cargo, tiro medio, pierna recta, cintura elástica.                                                  (75% poliester, 21%rayon ,4% spandex);21,30 €
82012T EX;;1;2XL ;BLKZ, CBLZ, DWHZ, NVYZ,PEWZ, RYLZ.;;XTREME STRETCH Pantalón señora cargo, tiro medio, pierna recta, cintura elástica.                                                  (75% poliester, 21%rayon ,4% spandex);22,70 €
82310;;1;XS-XL;BLKZ, CBLZ, DWHZ, EGPZ,NVYZ, PEWZ, RYLZ.;;XTREME STRETCH Filipina señora M/L, cuello redondo, cierre corchetes.                                                                                 (75% poliester, 21%rayón, 4% spandex );22,70 €
82310 EX ;;1;2XL-5XL;BLKZ, CBLZ, DWHZ, EGPZ,NVYZ, PEWZ, RYLZ.;;XTREME STRETCH Filipina señora M/L, cuello redondo, cierre corchetes.                                                                                 (75% poliester, 21%rayón, 4% spandex );24,80 €
82400;;1;XS-XL;BLKZ, DWHZ;;XTREME STRETCH Bata americana señora M/L , corte entallada, cierre broche.                                                     (75% poliester/21 rayón, 4% spandex);23,40 €
82400 EX;;1;2XL-3XL;BLKZ, DWHZ;;XTREME STRETCH Bata americana señora M/L , corte entallada, cierre broche.                                                     (75% poliester/21 rayón, 4% spandex);25,50 €
82401;;1;XS-XL;DWHZ;;LAB COATS Bata señora larga, M/L , corte entallada, cierre abotonado                                                       (60% algodón, 40% poliester);20,60 €
82401 EX;;1;2XL-3XL;DWHZ;;LAB COATS Bata señora larga, M/L , corte entallada, cierre abotonado                                                      (60% algodón, 40% poliester);22,70 €
82402;;1;XS-XL;DWHZ;;LAB COATS Bata señora M/ francesa, corte clásico, cierre abotonado                                                           (60% algodón, 40% poliester);19,90 €
82402 EX;;1;2XL-3XL;DWHZ;;LAB COATS Bata señora M/ francesa, corte clásico, cierre abotonado                                                               (60% algodón, 40% poliester);22,00 €
82403;;1;abr-20;DWHZ;;LAB COATS Bata americana señora M/L, corte entallado , cierre central abotonado                                             (60% algodón, 40% poliester);19,20 €
82408;;1;XXS-XL;BLKZ, DWHZ, NVYZ;;GEN FLEX Bata americana señora, corte entallada, cierre central abotonado                                               (52% algodón, 45% poliester, 3% spandex);22,70 €
82408 EX;;1;2XL-3XL;BLKZ, DWHZ, NVYZ;;GEN FLEX Bata americana señora, corte entallada, cierre central abotonado                                               (52% algodón, 45% poliester, 3% spandex);24,10 €
82409;;1;XS-XL;BLKZ, DWHZ, NVYZ, PEWZ, RYLZ;;GEN FLEX Chaqueta señora cuello redondo, corte entallado, cierre corchetes                                              (52% algodón, 45% poliester, 3% spandex) ;22,00 €
82409 EX ;;1;2XL-3XL;BLKZ, DWHZ, NVYZ, PEWZ, RYLZ;;GEN FLEX Chaqueta señora cuello redondo, corte entallado, cierre corchetes                                              (52% algodón, 45% poliester, 3% spandex) ;24,10 €
82410;;1;XS-XL;DWHZ;;GEN FLEX Bata señora M/L corte, entallado regulable                                                                                                                                                        (52% algodón, 45% poliester, 3% spadex);24,80 €
82410 EX ;;1;2XL-3XL;DWHZ;;GEN FLEX Bata señora M/L corte, entallado regulable                                                                                                                                                    (52% algodón, 45% poliester, 3% spadex);26,90 €
82724;;1;XXS-XL;JUDN;;GEN FLEX PRINTS Filipina señora cuello V abierto,corte entallado, estampada                                                                ( 97% algodón, 3%spandex);18,85 €
82724 EX;;1;2XL-3XL;JUDN, DTMS , PTTA , WACA , STFS;;GEN FLEX PRINTS Filipina señora cuello V abierto,corte entallado, estampada                                                               ( 97% algodón, 3%spandex);20,25 €
82814;;1;XXS-XL;BLKZ, CBLZ, CRBZ, DTLZ, DWHZ, EGPZ, GBLZ, HTRZ, KHIZ, NVYZ, PEWZ, RYLZ, WINZ;;XTREME STRETCH Filipina señora cuello redondo cruzado, corte entallado.                                                                          (75% poliester, 21% rayón, 4% spandex);17,10 €
82814 EX;;1;2XL-5XL;BLKZ, CBLZ, CRBZ, DTLZ, DWHZ, EGPZ, GBLZ, HTRZ, KHIZ, NVYZ, PEWZ, RYLZ, WINZ;;XTREME STRETCH Filipina señora cuello redondo cruzado, corte entallado.                                                                                 (75% poliester, 21% rayón, 4% spandex);19,20 €
82851;;1;XXS-XL;BLKZ, CBLZ, CRBZ, DTLZ, DWHZ, EGPZ, GBLZ, GPWZ, HPKZ, HTRZ, ITQZ, KHIZ, MLBZ, NVYZ, OLWZ, PEWZ, REWZ, RYLZ, WINZ , CRYB , PWT;;XTREME STRETCH Filipina señora cuello V, corte entallado                                                                                                       (75% poliester, 21% rayón, 4% spandex);17,10 €
82851 EX;;1;2XL-5XL;BLKZ, CBLZ, CRBZ, DTLZ, DWHZ, EGPZ, GBLZ, GPWZ, HPKZ, HTRZ, ITQZ, KHIZ, MLBZ, NVYZ, OLWZ, PEWZ, REWZ, RYLZ, WINZ , CRYB , PWT;;XTREME STRETCH Filipina señora cuello V, corte entallado                                                                                                       (75% poliester, 21% rayón, 4% spandex);19,20 €
82859;;1;XXS-XL;FAFR, FLIN , UHAV;;GEN FLEX PRINTS Filipina señora cuello v abierto, corte entallado, estampada                                                                       (97% algodón, 3% spandex);18,85 €
82859 EX;;1;2XL-3XL;FAFR, FLIN , UHAV , BUSS , PTPY;;GEN FLEX PRINTS Filipina señora cuello v abierto, corte entallado, estampada                                                                   (97% algodón, 3% spandex);20,25 €
82978;;1;XS-XL;ITWD, RWTX ;;GEN FLEX PRINTS Filipina señora cuello V, corte entallado, estampada                                                                                                                                                                                       (97% algodón, 3% spandex);18,85 €
82978 EX;;1;2XL-3XL;ITWD, RWTX;;GEN FLEX PRINTS Filipina señora cuello V, corte entallado, estampada                                                                                  (97% algodón, 3% spandex);20,25 €
83006;;1;XS-XL;BLWZ, CAWZ, CIWZ, EGWZ, GRWZ, HPKZ, HUWZ, KHIZ, NVWZ, OLWZ, PTWZ,REWZ,ROWZ, RVBZ, TLWZ,TQWZ, WHWZ, WIWZ ;;EDS SIGNATURE Pantalón señora, tiro medio, pierna recta, cintura elástica con cordón                                            (55% algodón, 45% poliester);11,50 €
83006 EX;;1;2XL-5XL;BLWZ, CAWZ, CIWZ, EGWZ, GRWZ, HPKZ, HUWZ, KHIZ, NVWZ, OLWZ, PTWZ,REWZ,ROWZ, RVBZ, TLWZ,TQWZ, WHWZ, WIWZ;;EDS SIGNATURE Pantalón señora, tiro medio, pierna recta, cintura elástica con cordón                                         (55% algodón, 45% poliester);13,60 €
83006S ;;1;XS-XL;BLWZ, CAWZ, CIWZ, GBWZ, NVWZ, PTWZ, ROWZ, RVBZ, TLWZ,WHWZ,WIWZ. ;;EDS SIGNATURE Pantalón señora, tiro medio, pierna recta, cintura elástica con cordón                                              (55% algodón, 45% poliester);11,50 €
83006S EX ;;1;2XL;BLWZ, CAWZ, CIWZ, GBWZ, NVWZ, PTWZ, ROWZ, RVBZ,TLWZ,WHWZ,WIWZ. ;;EDS SIGNATURE Pantalón señora, tiro medio, pierna recta, cintura elástica con cordón                                                      (55% algodón, 45% poliester)           ;12,90 €
83006T;;1;XS-XL ;BLWZ, CAWZ, CIWZ, GBWZ,NVWZ, PTWZ, ROWZ, RVBZ, TLWZ, WHWZ, WIWZ;;EDS SIGNATURE Pantalón señora, tiro medio, pierna recta, cintura elástica con cordón                                                      (55% algodón, 45% poliester) ;12,90 €
83006T EX ;;1;2XL ;BLWZ, CAWZ, CIWZ, GBWZ,NVWZ, PTWZ, ROWZ, RVBZ, TLWZ, WHWZ, WIWZ;;EDS SIGNATURE Pantalón señora, tiro medio, pierna recta, cintura elástica con cordón                                                    (55% algodón, 45% poliester) ;14,30 €
83402;;1;XS-XL;DWHZ;;LAB COATS Bata unisex M/L, corte clásico, cierre abotonado                                                                                                                                                                                                                                                                                   (65% poliester, 35% algodón);16,40 €
83402 EX ;;1;2XL-5XL;DWHZ;;LAB COATS Bata unisex M/L, corte clásico, cierre abotonado                                                                                                                            (65% poliester, 35% algodón);18,50 €
83402A;;1;XS-XL;WHWZ;;LAB COATS Bata unisex M/L, corte clásico, cierre abotonado                                                                                                                                                            (65% poliester, 35% algodón) Certainty;17,80 €
83402A EX;;1;2XL-5XL;WHWZ;;LAB COATS Bata unisex M/L, corte clásico, cierre abotonado                                                                                                                                       (65% poliester, 35% algodón) Certainty;19,90 €
83402AB;;1;XS-XL;WHWZ;;LAB COATS Bata unisex M/L, corte clásico, cierre abotonado                                                                                                                                             (65% poliester, 35% algodón) certainty plus;19,90 €
83402AB EX;;1;2XL-5XL;WHWZ;;LAB COATS Bata unisex M/L, corte clásico, cierre abotonado                                                                                                                                (65% poliester, 35% algodón) certainty plus;22,00 €
83403;;1;XS-XL;DWHZ;;LAB COATS Bata unisex M/L, corte clásico, cierre abotonado                                                                                                                                                               (65% poliester /35% algodón);16,40 €
83403 EX;;1;2XL-5XL;DWHZ;;LAB COATS Bata unisex M/L, corte clásico, cierre abotonado                                                                                                                                                                         (65% poliester /35% algodón);18,50 €
83403A ;;1;XS-XL;WHWZ;;LAB COATS Bata unisex M/L, corte clásico, cierre abotonado                                                                                                             (65% poliester /35% algodón). Certainty;17,80 €
83403A EX;;1;2XL-5XL;WHWZ;;LAB COATS Bata unisex M/L, corte clásico, cierre abotonado                                                                                       (65% poliester /35% algodón). Certainty ;19,90 €
83403AB ;;1;XS-XL;WHWZ;;LAB COATS Bata unisex M/L, corte clásico, cierre abotonado                                                                                                                                        (65% poliester /35% algodón). Certainty Plus.;19,90 €
83403AB EX;;1;2XL-5XL;WHWZ;;LAB COATS Bata unisex M/L, corte clásico, cierre abotonado                                                                                                                                      (65% poliester /35% algodón). Certainty Plus.;22,00 €
83404;;1;XS-XL;DWHZ;;LAB COATS Bata unisex     (60% algodón, 40% poliester);20,60 €
83404 EX;;1;2XL-5XL;DWHZ;;LAB COATS Bata unisex   (60% algodón, 40% poliester);22,70 €
83566A;;1;U;BLWZ, CIWZ, HUWZ, NVWZ, OLWZ, PTWZ, ROWZ, WIWZ;;EDS SIGNATURE STRECH Gorro quirofano unisex, tejido frontal absorbente                                                                                                      (55% algodón, 43% poliester, 2% spandex);8,00 €
83706;;1;XS-XL;BLWZ, CAWZ, CIWZ, EGWZ, GBWZ, GRWZ, HPKZ, HUWZ, KHIZ, NVWZ, OLWZ, PTWZ, REWZ, ROWZ, RVBZ, TLWZ, TQWZ, WHWZ, WIWZ ;;EDS SIGNATURE Filipina unisex , cuello V, corte clásico                                                                                                                                                                   (55% algodón, 45% poliester);9,75 €
83706 EX;;1;2XL-5XL;BLWZ, CAWZ, CIWZ, EGWZ, GBWZ, GRWZ, HPKZ, HUWZ, KHIZ, NVWZ, OLWZ, PTWZ, REWZ, ROWZ, RVBZ, TLWZ, TQWZ, WHWZ, WIWZ ;;EDS SIGNATURE Filipina unisex , cuello V, corte clásico                                                                                                                                                                      (55% algodón, 45% poliester);11,85 €
84300C ;;1;XS-XL;LELD , PRPT ;;EDS PRINTS Filipina señora M/L, cierre central abotonado, cuello redondo, estampada                                                    (100% algodón);17,10 €
84300C EX;;1;2XL-3XL;LELD , PRPT;;EDS PRINTS Filipina señora M/L, cierre central abotonado, cuello redondo, estampada                                                      (100% algodón);19,20 €
84400;;1;XS-XL;DWHZ;;LAB COATS Bata americana señora M/L, ajustable con cinturón                                                                                                                                            (65% poliester / 35% algodón);16,40 €
84400 EX;;1;2XL-3XL;DWHZ;;LAB COATS Bata americana señora M/L, ajustable con cinturón                                                                                                                                     (65% poliester / 35% algodón);18,50 €
84400A;;1;XS-XL;WHWZ;;LAB COATS Bata americana señora M/L, ajustable con cinturón                                                                                                                                                                       (65% poliester / 35% algodón). Certainty;17,80 €
84400A EX;;1;2XL-3XL;WHWZ;;LAB COATS Bata americana señora M/L, ajustable con cinturón                                                                                                                                 (65% poliester / 35% algodón). Certainty;19,90 €
84400AB;;1;XS-XL;WHWZ;;LAB COATS Bata americana señora M/L, ajustable con cinturón                                                                                                                                           (65% poliester / 35% algodón). Certainty Plus;19,90 €
84400AB EX;;1;2XL-3XL;WHWZ;;LAB COATS Bata americana señora M/L, ajustable con cinturón                                                                                                                             (65% poliester / 35% algodón). Certainty Plus;22,00 €
84401;;1;XS-XL;DWHZ;;LAB COATS Bata americana señora M/L, cierre abotonado, corte entallado                                                                                      (65% poliester, 35% algodón);16,40 €
84401 EX;;1;2XL-3XL;DWHZ;;LAB COATS Bata americana señora M/L, cierre abotonado, corte entallado                                                                                       (65% poliester, 35% algodón);18,50 €
84401A;;1;XS-XL;WHWZ;;LAB COATS Bata americana señora M/L, cierre abotonado, corte entallado                                                                                                      (65% poliester, 35% algodón). Certainty;17,80 €
84401A EX;;1;2XL-3XL;WHWZ;;LAB COATS Bata americana señora M/L, cierre abotonado, corte entallado                                                                                                   (65% poliester, 35% algodón). Certainty;19,90 €
84401AB;;1;XS-XL;WHWZ;;LAB COATS Bata americana señora M/L, cierre abotonado, corte entallado                                                                                                                                                  (65% poliester, 35% algodón). Certainty Plus;19,90 €
84401AB EX;;1;2XL-3XL;WHWZ;;LAB COATS Bata americana señora M/L, cierre abotonado, corte entallado                                                                                       (65% poliester, 35% algodón). Certainty Plus;22,00 €
84402;;1;XS-XL;DWHZ;;LAB COATS Bata señora M/L, entalle cintura goma, cierre abotonado                                                                                                              ( 60% algodón/ 40% poliester);20,60 €
84402 EX;;1;2XL-3XL;DWHZ;;LAB COATS Bata señora M/L, entalle cintura goma, cierre abotonado                                                                                                                      ( 60% algodón/ 40% poliester);22,70 €
84405;;1;XS-XL;DWHZ;;LAB COATS Bata americana señora M/L, corte entallado, cincho ajustable                                                                                                                        ( 60% algodón, 40% poliester);20,60 €
84405 EX;;1;2XL;DWHZ;;LAB COATS Bata americana señora M/L, corte entallado, cincho ajustable                                                                                            ( 60% algodón, 40% poliester);22,00 €
84405A;;1;XS-XL;WHWZ;;LAB COATS Bata americana señora M/L, corte entallado, cincho ajustable                                                                                                                      ( 60% algodón, 40% poliester). Certainty;22,00 €
84405A EX;;1;2XL;WHWZ;;LAB COATS Bata americana señora M/L, corte entallado, cincho ajustable                                                                                                          ( 60% algodón, 40% poliester). Certainty;23,40 €
84405AB;;1;XS-XL;WHWZ;;LAB COATS Bata americana señora M/L, corte entallado, cincho ajustable                                                                                                                                                                 ( 60% algodón, 40% poliester). Certainty Plus;24,10 €
84405AB EX;;1;2XL;WHWZ;;LAB COATS Bata americana señora M/L, corte entallado, cincho ajustable                                                                                                                                            ( 60% algodón, 40% poliester). Certainty Plus;25,50 €
84406;;1;XS-XL;DWHZ;;LAB COATS Bata americana señora M/L, corte entallado, cierre abotonado                                                                                                        ( 60% algodón /40% poliester) ;20,60 €
84406 EX;;1;2XL;DWHZ;;LAB COATS Bata americana señora M/L, corte entallado, cierre abotonado                                                                                         ( 60% algodón /40% poliester) ;22,00 €
84407;;1;XS-XL;DWHZ;;LAB COATS Bata americana señora, M.3/4, puño vuelto, corte entallado. cierre abotonado                                                                              ( 60% algodón, 40% poliester);22,00 €
84407 EX ;;1;2XL;DWHZ;;LAB COATS Bata americana señora, M.3/4, puño vuelto, corte entallado. cierre abotonado                                                                                   ( 60% algodón, 40% poliester);23,40 €
84500;;1;XS-XL;DWHZ;;EDS WHITES Bata señora M/C, cintura con trabillas                                                                                                                                                                             ( 60% algodón, 40% poliester);22,70 €
84500 EX;;1;2XL-3XL;DWHZ;;EDS WHITES Bata señora M/C, cintura con trabillas                                                                                                                                                                        ( 60% algodón, 40% poliester);24,10 €
84503;;1;XS-XL;DWHZ;;EDS WHITES Bata señora M/ 3/4, cierre central abotonado                                                                                                                                                                          ( 60% algodón, 40% poliester);22,70 €
84503 EX;;1;2XL-5XL;DWHZ;;EDS WHITES Bata señora M/ 3/4, cierre central abotonado                                                                                                                                                   ( 60% algodón, 40% poliester);24,80 €
85100;;1;XXS-XL;BLWZ, CAWZ, CIWZ, EGWZ, GRWZ, HPKZ, HUWZ, KHIZ, NVWZ, OLWZ, PTWZ, REWZ, ROWZ, TLWZ, TQWZ, WHWZ, WIWZ , GBWZ;;EDS SIGNATURE Pantalón señora carog, tiro bajo, pierna recta, cintura elástica con cordón                                                      (55% algodón /45% poliester);15,00 €
85100 EX;;1;2XL-3XL;BLWZ, CAWZ, CIWZ, EGWZ, GRWZ, HPKZ, HUWZ, KHIZ, NVWZ, OLWZ, PTWZ, REWZ, ROWZ, TLWZ, TQWZ, WHWZ, WIWZ , GBWZ;;EDS SIGNATURE Pantalón señora carog, tiro bajo, pierna recta, cintura elástica con cordón                                                                        (55% algodón /45% poliester);17,10 €
85100P;;1;XS-XL ;BLWZ, NVWZ, PTWZ, ROWZ;;EDS SIGNATURE Pantalón señora carog, tiro bajo, pierna recta, cintura elástica con cordón                                                    (55% algodón /45% poliester);15,00 €
85100P EX;;1;2XL ;BLWZ, NVWZ, PTWZ, ROWZ;;EDS SIGNATURE Pantalón señora carog, tiro bajo, pierna recta, cintura elástica con cordón                                                    (55% algodón /45% poliester);16,40 €
85100T;;1;S-XL ;BLWZ, NVWZ, PTWZ, ROWZ;;EDS SIGNATURE Pantalón señora carog, tiro bajo, pierna recta, cintura elástica con cordón                                                    (55% algodón /45% poliester);16,40 €
85100T EX;;1;2XL ;BLWZ, NVWZ, PTWZ, ROWZ;;EDS SIGNATURE Pantalón señora carog, tiro bajo, pierna recta, cintura elástica con cordón                                                        (55% algodón /45% poliester);17,80 €
85400;;1;XS-XL;BLKZ, DWHZ;;GEN FLEX Bata señora 3/4 , M/L con puño elástico,corte entallado                                                                     (52% algodón, 45%poliester , 3% spandex);23,40 €
85400 EX;;1;2XL-3XL;BLKZ, DWHZ;;GEN FLEX Bata señora 3/4 , M/L con puño elástico,corte entallado                                                                           (52% algodón, 45%poliester , 3% spandex);25,50 €
857455;;1;XXS-XL;BLKZ, CBLZ, CRBZ, CRMZ, DKPZ, DSGZ, DTLZ, DWHZ, EGPZ, GBLZ, GPWZ, HPKZ, HTRZ, ITQZ, KHIZ, NVYZ, PEWZ, RVBZ, RYLZ, WINZ , CHCZ , OLIZ;;GEN FLEX Pantalón señora cargo, tiro bajo, pierna recta, cintura elástica con cordón                                                       ( 52% algodón, 45% poliester, 3% spandex);22,00 €
857455 EX;;1;2XL-5XL;BLKZ, CBLZ, CRBZ, CRMZ, DKPZ, DSGZ, DTLZ, DWHZ, EGPZ, GBLZ, GPWZ, HPKZ, HTRZ, ITQZ, KHIZ, NVYZ, PEWZ, RVBZ, RYLZ, WINZ ;;GEN FLEX Pantalón señora cargo, tiro bajo, pierna recta, cintura elástica con cordón                                                    ( 52% algodón, 45% poliester, 3 spandex);23,40 €
857455P;;1;XXS-XL;BLKZ, CBLZ, CRBZ, CRMZ, DKPZ, DSGZ, DTLZ, DWHZ, EGPZ, GBLZ, GPWZ,HPKZ,HTRZ, ITQZ, KHIZ, NVYZ, PEWZ, RVBZ, RYLZ, WINZ , CHCZ ,OLIZ;;GEN FLEX Pantalón señora cargo, tiro bajo, pierna recta, cintura elástica con cordón                                                 ( 52% algodón, 45% poliester, 3% spandex);22,00 €
857455P EX;;1;2XL-3XL;BLKZ, CBLZ, CRBZ, CRMZ, DKPZ, DSGZ, DTLZ, DWHZ, EGPZ, GBLZ, GPWZ,HPKZ,HTRZ, ITQZ, KHIZ, NVYZ, PEWZ, RVBZ, RYLZ, WINZ;;GEN FLEX Pantalón señora cargo, tiro bajo, pierna recta, cintura elástica con cordón                                                     ( 52% algodón, 45% poliester, 3% spandex) ;23,40 €
857455T ;;1;XS-XL ;BLKZ, CBLZ, CRBZ, CRMZ,DKPZ, DSGZ, DTLZ, DWHZ, EGPZ, GBLZ, GPWZ, HPKZ, HTRZ, ITQZ, KHIZ, NVYZ, PEWZ, RVBZ, RYLZ, WINZ;;GEN FLEX Pantalón señora cargo, tiro bajo, pierna recta, cintura elástica con cordón                                                       ( 52% algodón, 45% poliester, 3% spandex);23,40 €
857455T EX;;1;2XL ;BLKZ, CBLZ, CRBZ, CRMZ,DKPZ, DSGZ, DTLZ, DWHZ, EGPZ, GBLZ, GPWZ, HPKZ, HTRZ, ITQZ, KHIZ, NVYZ, PEWZ, RVBZ, RYLZ, WINZ;;GEN FLEX Pantalón señora cargo, tiro bajo, pierna recta, cintura elástica con cordón                                                    ( 52% algodón, 45% poliester, 3% spandex);24,80 €
85812;;1;XXS-XL;BLKZ, CBLZ, DWHZ, NVYZ, PEWZ, RYLZ.;;GEN FLEX Filipina señora cuello V abierto, corte entallado                                                                                                                                                                                                                                                                                                  (52% algodón, 45%  poliester, 3% spandex);18,90 €
85812 EX;;1;2XL-5XL;BLKZ, CBLZ, DWHZ, NVYZ, PEWZ, RYLZ.;;GEN FLEX Filipina señora cuello V abierto, corte entallado                                                                                                                                      ( 52% algodón, 45%  poliester, 3% spandex);20,95 €
85820;;1;XXS-XL;BLWZ, CAWZ, CIWZ, EGWZ, GBWZ, GRWZ, HPKZ, HUWZ, KHIZ, NVWZ, PTWZ, REWZ, ROWZ, TLWZ, TQWZ, WHWZ, WIWZ;;EDS SIGNATURE Fipilina señora cuello V cruzado, corte entallado                                                                                                    ( 55% algodón, 45% poliester);13,60 €
85820 EX ;;1;2XL-3XL;BLWZ, CAWZ, CIWZ, EGWZ, GBWZ, GRWZ, HPKZ, HUWZ, KHIZ, NVWZ, PTWZ, REWZ, ROWZ, TLWZ, TQWZ, WHWZ, WIWZ;;EDS SIGNATURE Fipilina señora cuello V cruzado, corte entallado                                                                                                ( 55% algodón, 45% poliester);15,70 €
85906;;1;XXS-XL;BLWZ, CAWZ, CIWZ, EGWZ, GBWZ, GRWZ, HPKZ, HUWZ, KHIZ, NVWZ, OLWZ, PTWZ, REWZ, ROWZ, TLWZ, TQWZ, WHWZ, WIWZ;;EDS SIGNATURE Filipina señora cuello V, corte entallado                                                                                                         (55% algodón, 45% poliester);12,20 €
85906 EX ;;1;2XL-3XL;BLWZ, CAWZ, CIWZ, EGWZ, GBWZ, GRWZ, HPKZ, HUWZ, KHIZ, NVWZ, OLWZ, PTWZ, REWZ, ROWZ, TLWZ, TQWZ, WHWZ, WIWZ;;EDS SIGNATURE Filipina señora cuello V, corte entallado                                                                                                          (55% algodón, 45% poliester);14,30 €
85956;;1;XXS-XL;BLKZ, CBLZ, CRBZ, DTLZ, DWHZ, EGPZ, GBLZ, GPWZ, HPKZ, HTRZ, ITQZ, KHIZ, MLBZ, NVYZ, PEWZ, REWZ, RYLZ, WINZ , PWT;;XTREME STRETCH Filipina señora cuello V cruzado, corte entallado                                                                                        (75% poliester, 21% rayón, 4% spandex);17,80 €
85956 EX ;;1;2XL-5XL;BLKZ, CBLZ, CRBZ, DTLZ, DWHZ, EGPZ, GBLZ, GPWZ, HPKZ, HTRZ, ITQZ, KHIZ, MLBZ, NVYZ, PEWZ, REWZ, RYLZ, WINZ , PWT;;XTREME STRETCH Filipina señora cuello V cruzado, corte entallado                                                                                                                                   (75% poliester, 21% rayón, 4% spandex);19,90 €
86106;;1;XXS-XL;BLWZ, CAWZ, CIWZ, EGWZ, GBWZ,GRWZ, HPKZ, HUWZ, KHIZ, NVWZ,OLWZ, PTWZ, REWZ, ROWZ, RVBZ, TLWZ, TQWZ, WHWZ, WIWZ;;EDS SIGNATURE Pantalón señora cargo, tiro medio, pierna recta, cintura elástica.                                                             (55% algodón, 45% poliester) ;12,90 €
86106 EX;;1;2XL-5XL;BLWZ, CAWZ, CIWZ, EGWZ, GBWZ,GRWZ, HPKZ, HUWZ, KHIZ, NVWZ,OLWZ, PTWZ, REWZ, ROWZ, RVBZ, TLWZ, TQWZ, WHWZ, WIWZ;;EDS SIGNATURE Pantalón señora cargo, tiro medio, pierna recta, cintura elástica.                                                                (55% algodón, 45% poliester) ;15,00 €
86106P ;;1;XXS-XL;BLWZ, CAWZ, CIWZ, EGWZ, GBWZ,GRWZ, HPKZ, HUWZ, KHIZ, NVWZ,OLWZ, PTWZ, REWZ, ROWZ, RVBZ, TLWZ, TQWZ, WHWZ, WIWZ;;EDS SIGNATURE Pantalón señora cargo, tiro medio, pierna recta, cintura elástica.                                                             (55% algodón, 45% poliester) ;12,90 €
86106P EX ;;1;2XL ;BLWZ, CAWZ, CIWZ, EGWZ, GRWZ, HPKZ, HUWZ, KHIZ, NVWZ,OLWZ, PTWZ, REWZ, ROWZ, RVBZ, TLWZ, TQWZ, WHWZ, WIWZ;;EDS SIGNATURE Pantalón señora cargo, tiro medio, pierna recta, cintura elástica.                                                              (55% algodón, 45% poliester) ;14,30 €
86106T;;1;XS-XL ;BLWZ, CAWZ, CIWZ, EGWZ, KHIZ, NVWZ, PTWZ, ROWZ, RVBZ, WHWZ, WIWZ;;EDS SIGNATURE Pantalón señora cargo, tiro medio, pierna recta, cintura elástica.                                                            (55% algodón, 45% poliester) ;14,30 €
86106T EX ;;1;2XL ;BLWZ, CAWZ, CIWZ, EGWZ, KHIZ, NVWZ, PTWZ, ROWZ, RVBZ, WHWZ, WIWZ;;EDS SIGNATURE Pantalón señora cargo, tiro medio, pierna recta, cintura elástica.                                                                 (55% algodón, 45% poliester) ;15,70 €
86206;;1;XXS-XL;BLWZ, CAWZ, CIWZ, EGWZ, GBWZ,GRWZ, HPKZ, HUWZ, KHIZ, NVWZ, OLWZ, PTWZ, REWZ, ROWZ, RVBZ, TLWZ, TQWZ, WHWZ, WIWZ;;EDS SIGNATURE Pantalón señora cargo, tiro medio, pierna recta, bajo media campana, cintura con cordón                   (55% algodón. 45% poliester);12,90 €
86206 EX;;1;2XL-5XL;BLWZ, CAWZ, CIWZ, EGWZ, GBWZ,GRWZ, HPKZ, HUWZ, KHIZ, NVWZ, OLWZ, PTWZ, REWZ, ROWZ, RVBZ, TLWZ, TQWZ, WHWZ, WIWZ;;EDS SIGNATURE Pantalón señora cargo, tiro medio, pierna recta, bajo media campana, cintura con cordón                (55% algodón. 45% poliester);15,00 €
86206P;;1;XXS-XL ;BLWZ, CAWZ, CIWZ, EGWZ, GBWZ,GRWZ, HPKZ, HUWZ, KHIZ, NVWZ, OLWZ, PTWZ, REWZ, ROWZ, RVBZ, TLWZ, TQWZ, WHWZ, WIWZ;;EDS SIGNATURE Pantalón señora cargo, tiro medio, pierna recta, bajo media campana, cintura con cordón                     (55% algodón. 45% poliester);12,90 €
86206P EX;;1;2XL;BLWZ, CAWZ, CIWZ, EGWZ, GBWZ, GRWZ, HPKZ, HUWZ, KHIZ, NVWZ, OLWZ, PTWZ, REWZ, ROWZ, RVBZ, TLWZ, TQWZ, WHWZ, WIWZ;;EDS SIGNATURE Pantalón señora cargo, tiro medio, pierna recta, bajo media campana, cintura con cordón                         (55% algodón. 45% poliester)   ;14,30 €
86206T;;1;XS-XL ;BLWZ, CAWZ, CIWZ, EGWZ,GBWZ , HPKZ, HUWZ, KHIZ, NVWZ, OLWZ, PTWZ, REWZ, ROWZ, RVBZ, TLWZ, WHWZ, WIWZ;;EDS SIGNATURE Pantalón señora cargo, tiro medio, pierna recta, bajo media campana, cintura con cordón                 (55% algodón. 45% poliester) ;14,30 €
86206T EX;;1;2XL ;BLWZ, CAWZ, CIWZ, EGWZ, GBWZ,GRWZ, HPKZ, HUWZ, KHIZ, NVWZ, OLWZ, PTWZ, REWZ, ROWZ, RVBZ, TLWZ, TQWZ, WHWZ, WIWZ;;EDS SIGNATURE Pantalón señora cargo, tiro medio, pierna recta, bajo media campana, cintura con cordón                    (55% algodón. 45% poliester) ;15,70 €
86306;;1;XS-XL;BLWZ, CAWZ, CIWZ, EGWZ, GBWZ, GRWZ, HPKZ, HUWZ, KHIZ, NVWZ, PTWZ, REWZ, ROWZ,TLWZ, TQWZ, WHWZ, WIWZ;;EDS SIGNATURE Chaqueta señora, corte clásico, cierre con corchete                                                                                                                                           ( 55% algodón, 45% poliester);16,40 €
86306 EX ;;1;2XL-5XL;BLWZ, CAWZ, CIWZ, EGWZ, GBWZ, GRWZ, HPKZ, HUWZ, KHIZ, NVWZ, PTWZ, REWZ, ROWZ,TLWZ, TQWZ, WHWZ, WIWZ;;EDS SIGNATURE Chaqueta señora, corte clásico, cierre con corchete                                                                                                                                      ( 55% algodón, 45% poliester);18,50 €
86706;;1;XXS-XL;BLWZ, CAWZ, CIWZ, EGWZ, GBWZ, GRWZ,HPKZ, HUWZ, KHIZ, NVWZ, OLWZ, PTWZ, REWZ, ROWZ, RVBZ, TLWZ,TQWZ, WHWZ, WIWZ;;EDS SIGNATURE Filipina señora cuello V, corte clásico                                                                                                                 ( 55% algodón, 45% poliester);11,15 €
86706 EX;;1;2XL-5XL;BLWZ, CAWZ, CIWZ, EGWZ, GBWZ,GRWZ, HPKZ, HUWZ, KHIZ, NVWZ, OLWZ, PTWZ, REWZ, ROWZ, RVBZ, TLWZ,TQWZ, WHWZ, WIWZ;;EDS SIGNATURE Filipina señora cuello V, corte clásico                                                                                                                                                        ( 55% algodón, 45% poliester);13,25 €
86806;;1;XXS-XL;BLWZ, CAWZ, CIWZ, EGWZ, GBWZ, GRWZ, HPKZ, HUWZ, KHIZ, NVWZ, OLWZ, PTWZ, REWZ, ROWZ, TLWZ, TQWZ, WHWZ, WIWZ;;EDS SIGNATURE Filipina señora cuello V cruzado, corte clásico                                                                                             (55% algodón, 45% poliester);12,90 €
86806 EX ;;1;2XL-3XL;BLWZ, CAWZ, CIWZ, EGWZ, GBWZ, GRWZ, HPKZ, HUWZ, KHIZ, NVWZ, OLWZ, PTWZ, REWZ, ROWZ, TLWZ, TQWZ, WHWZ, WIWZ;;EDS SIGNATURE Filipina señora cuello V cruzado, corte clásico                                                                                         (55% algodón, 45% poliester);15,00 €
DK100;;1;XXS-XL;BLKZ, CBLZ, CRBZ, CRMZ, DWHZ, EGPZ, HPKZ, ITQZ, NVYZ, PEWZ, RYLZ, WINZ;;GEN FLEX Pantalón señora cargo, tiro bajo, pierna recta, cintura elástica con cordón                                            (52% algodón, 45% poliester, 3% spandex);16,40 €
DK100 EX;;1;2XL-5XL;BLKZ, CBLZ, CRBZ, CRMZ, DWHZ, EGPZ, HPKZ, ITQZ, NVYZ, PEWZ, RYLZ, WINZ;;GEN FLEX Pantalón señora cargo, tiro bajo, pierna recta, cintura elástica con cordón                                             (52% algodón, 45% poliester, 3% spandex);18,50 €
DK100P;;1;XXS-XL ;BLKZ, CBLZ, CRBZ, CRMZ, DWHZ, EGPZ, HPKZ, ITQZ, NVYZ, PEWZ, RYLZ, WINZ;;GEN FLEX Pantalón señora cargo, tiro bajo, pierna recta, cintura elástica con cordón                                          (52% algodón, 45% poliester, 3% spandex);16,40 €
DK100P EX;;1;2XL-3XL;BLKZ, CBLZ, CRBZ, CRMZ, DWHZ, EGPZ, HPKZ, ITQZ, NVYZ, PEWZ, RYLZ, WINZ;;GEN FLEX Pantalón señora cargo, tiro bajo, pierna recta, cintura elástica con cordón                                           (52% algodón, 45% poliester, 3% spandex);18,50 €
DK100T;;1;XS-XL ;BLKZ, CBLZ, CRBZ, CRMZ, DWHZ, EGPZ, HPKZ, ITQZ, NVYZ, PEWZ, RYLZ, WINZ;;GEN FLEX Pantalón señora cargo, tiro bajo, pierna recta, cintura elástica con cordón                                         (52% algodón, 45% poliester, 3% spandex);17,80 €
DK100T EX;;1;2XL ;BLKZ, CBLZ, CRBZ, CRMZ, DWHZ, EGPZ, HPKZ, ITQZ, NVYZ, PEWZ, RYLZ, WINZ;;GEN FLEX Pantalón señora cargo, tiro bajo, pierna recta, cintura elástica con cordón                                            (52% algodón, 45% poliester, 3% spandex);19,20 €
DK106;;1;XXS-XL ;BLK, CAR, CIE, GAB, HPKZ, NAV, OLV, PWT, ROY, TLB, WHT, WIN , TRQ , EGG;;ESSENCE Pantalón señora cargo, tiro medio, pierna recta, cintura elástica con cordón                                                                    (78% poliester, 20% rayón, 2% spandex);17,80 €
DK106 EX;;1;2XL ;BLK, CAR, CIE, GAB, HPKZ, NAV, OLV, PWT, ROY, TLB, WHT, WIN , TRQ , EGG;;ESSENCE Pantalón señora cargo, tiro medio, pierna recta, cintura elástica con cordón                                                           (78% poliester, 20% rayón, 2% spandex);19,90 €
DK106P ;;1;XXS-XL ;BLK, CAR, CIE, GAB, HPKZ, NAV, OLV, PWT, ROY, TLB, WHT, WIN , TRQ , EGG;;ESSENCE Pantalón señora cargo, tiro medio, pierna recta, cintura elástica con cordón                                                    (78% poliester, 20% rayón, 2% spandex);17,80 €
DK106P EX;;1;2XL ;BLK, CAR, CIE, GAB, HPKZ, NAV, OLV, PWT, ROY, TLB, WHT, WIN , TRQ , EGG;;ESSENCE Pantalón señora cargo, tiro medio, pierna recta, cintura elástica con cordón                                                            (78% poliester, 20% rayón, 2% spandex);19,20 €
DK106T;;1;XS-XL ;BLK, CAR, CIE, GAB, HPKZ, NAV, OLV, PWT, ROY, TLB, WHT, WIN , TRQ , EGG;;ESSENCE Pantalón señora cargo, tiro medio, pierna recta, cintura elástica con cordón                                                           (78% poliester, 20% rayón, 2% spandex);19,20 €
DK106T EX;;1;2XL ;BLK, CAR, CIE, GAB, HPKZ, NAV, OLV, PWT, ROY, TLB, WHT, WIN , TRQ , EGG;;ESSENCE Pantalón señora cargo, tiro medio, pierna recta, cintura elástica con cordón                                                        (78% poliester, 20% rayón, 2% spandex);20,60 €
DK110;;1;XS-XL;"BLK, NAV, PWT,
ROY, CIE, CAR,
WHT , WIN, CAB, HUN";;DYNAMIX Pantalón caballero cargo, tiro recto                                                                                                                                        (91% poliéster, 9% spandex);22,70 €
DK110 EX;;1;2XL-5XL;"BLK, NAV, PWT,
ROY, CIE, CAR,
WHT , WIN, CAB, HUN";;DYNAMIX Pantalón caballero cargo, tiro recto                                                                                                                                        (91% poliéster, 9% spandex);24,60 €
DK110S ;;1;XS-XL;"BLK, NAV, PWT,
ROY, CIE, CAR,
WHT , WIN, CAB, HUN";;DYNAMIX Pantalón caballero cargo, tiro recto                                                                                                                                        (91% poliéster, 9% spandex);22,70 €
DK110S EX;;1;2XL-3XL;"BLK, NAV, PWT,
ROY, CIE, CAR,
WHT , WIN, CAB, HUN";;DYNAMIX Pantalón caballero cargo, tiro recto                                                                                                                                        (91% poliéster, 9% spandex);24,60 €
DK110T;;1;XS-XL;"BLK, NAV, PWT,
ROY, CIE, CAR,
WHT , WIN, CAB, HUN";;DYNAMIX Pantalón caballero cargo, tiro recto                                                                                                                                        (91% poliéster, 9% spandex);23,95 €
DK110T EX;;1;2XL-3XL;"BLK, NAV, PWT,
ROY, CIE, CAR,
WHT , WIN, CAB, HUN";;DYNAMIX Pantalón caballero cargo, tiro recto                                                                                                                                        (91% poliéster, 9% spandex);25,85 €
DK112;;1;XXS-XL;BLKZ , HPKZ , NVYZ , PWT , RYLZ;;XTREME STRETCH Pantalón señora, tiro medio, pierna recta, cintura elástica con cordón                                                  (75% poliester, 21% rayon, 4% spandex );20,25 €
DK112 EX;;1;2XL-5XL;BLKZ , HPKZ , NVYZ , PWT , RYLZ;;XTREME STRETCH Pantalón señora, tiro medio, pierna recta, cintura elástica con cordón                                                  (75% poliester, 21% rayon, 4% spandex );22,40 €
DK112P;;1;XXS-XL;BLKZ , HPKZ , NVYZ , PWT , RYLZ;;XTREME STRETCH Pantalón señora, tiro medio, pierna recta, cintura elástica con cordón                                                 (75% poliester, 21% rayon, 4% spandex );20,25 €
DK112P EX;;1;2XL-3XL;BLKZ , HPKZ , NVYZ , PWT , RYLZ;;XTREME STRETCH Pantalón señora, tiro medio, pierna recta, cintura elástica con cordón                                                    (75% poliester, 21% rayon, 4% spandex );22,40 €
DK112T;;1;XS-XL;BLKZ , HPKZ , NVYZ , PWT , RYLZ;;XTREME STRETCH Pantalón señora, tiro medio, pierna recta, cintura elástica con cordón                                                   (75% poliester, 21% rayon, 4% spandex );21,70 €
DK112T EX;;1;2XL;BLKZ , HPKZ , NVYZ , PWT , RYLZ;;XTREME STRETCH Pantalón señora, tiro medio, pierna recta, cintura elástica con cordón                                                   (75% poliester, 21% rayon, 4% spandex );23,10 €
DK120;;1;XXS-XL;BLK, NAV, PWT, ROY, CIE,WIN, CAR, WHT, COPK VCRL;;DYNAMIX Pantalón señora tiro medio, pierna recta, con cintura elastica.                                                                                                             (91% poliéster, 9% spandex);21.45 €
DK120 EX;;1;2XL-5XL;BLK, NAV, PWT, ROY, CIE,WIN, CAR, WHT, COPK VCRL;;DYNAMIX Pantalón señora tiro medio, pierna recta, con cintura elastica.                                                                                                             (91% poliéster, 9% spandex);23.30 €
DK120P;;1;XXS-XL;BLK, NAV, PWT, ROY, CIE,WIN, CAR, WHT, COPK VCRL;;DYNAMIX Pantalón señora tiro medio, pierna recta, con cintura elastica.                                                                                                             (91% poliéster, 9% spandex);21.45 €
DK120P EX;;1;2XL;BLK, NAV, PWT, ROY, CIE,WIN, CAR, WHT, COPK VCRL;;DYNAMIX Pantalón señora tiro medio, pierna recta, con cintura elastica.                                                                                                             (91% poliéster, 9% spandex);22.70 €
DK120T;;1;XS-XL;BLK, NAV, PWT, ROY, CIE,WIN, CAR, WHT, COPK VCRL;;DYNAMIX Pantalón señora tiro medio, pierna recta, con cintura elastica.                                                                                                             (91% poliéster, 9% spandex);22.70 €
DK120T EX;;1;2XL;BLK, NAV, PWT, ROY, CIE,WIN, CAR, WHT, COPK VCRL;;DYNAMIX Pantalón señora tiro medio, pierna recta, con cintura elastica.                                                                                                             (91% poliéster, 9% spandex);23.95 €
DK130;;1;XXS-XL;BLK, NAV, PWT, ROY, CIE,WIN, CAR,WHT,          COPK,VCRL;;DYNAMIX Pantalón señora cargo, tiro medio, pierna recta, bajo medio campana, cintura con cordón.                                                (91% poliéster, 9% spandex);21.45 €
DK130 EX;;1;2XL-5XL;BLK, NAV, PWT, ROY, CIE,WIN, CAR,WHT,          COPK,VCRL;;DYNAMIX Pantalón señora cargo, tiro medio, pierna recta, bajo medio campana, cintura con cordón.                                               (91% poliéster, 9% spandex);23.30 €
DK130P;;1;XXS-XL;BLK, NAV, PWT, ROY, CIE,WIN, CAR,WHT,          COPK,VCRL;;DYNAMIX Pantalón señora cargo, tiro medio, pierna recta, bajo medio campana, cintura con cordón.                                               (91% poliéster, 9% spandex);21.45 €
DK130P EX;;1;2XL;BLK, NAV, PWT, ROY, CIE,WIN, CAR,WHT,          COPK,VCRL;;DYNAMIX Pantalón señora cargo, tiro medio, pierna recta, bajo medio campana, cintura con cordón.                                               (91% poliéster, 9% spandex);22.70 €
DK130T;;1;XS-XL;BLK, NAV, PWT, ROY, CIE,WIN, CAR,WHT,          COPK,VCRL;;DYNAMIX Pantalón señora cargo, tiro medio, pierna recta, bajo medio campana, cintura con cordón.                                               (91% poliéster, 9% spandex);22.70 €
DK130T EX;;1;2XL;BLK, NAV, PWT, ROY, CIE,WIN, CAR,WHT,          COPK,VCRL;;DYNAMIX Pantalón señora cargo, tiro medio, pierna recta, bajo medio campana, cintura con cordón.                                               (91% poliéster, 9% spandex);23.95 €
DK140;;1;XXS-XL;NAV, BLAK, PWT, ROY, WIN, CIE, CAR, WHT, TLB, OLV, GAB;;ESSENCE Pantalón señora cargo, tiro medio, pierna recta.                                                                           Cintura estampada camuflaje elástica.  (78% poliéster, 20% rayón, 2% spandex);18.50 €
DK140EX;;1;2XL-5XL;NAV, BLAK, PWT, ROY, WIN, CIE, CAR, WHT, TLB, OLV, GAB;;ESSENCE Pantalón señora cargo, tiro medio, pierna recta.                                                                           Cintura estampada camuflaje elástica.  (78% poliéster, 20% rayón, 2% spandex);20.60 €
DK140P;;1;XXS-XL;NAV, BLAK, PWT, ROY, WIN, CIE, CAR, WHT, TLB, OLV, GAB;;ESSENCE Pantalón señora cargo, tiro medio, pierna recta.                                                                           Cintura estampada camuflaje elástica.  (78% poliéster, 20% rayón, 2% spandex);18.50 €
DK140P EX;;1;2XL;NAV, BLAK, PWT, ROY, WIN, CIE, CAR, WHT, TLB, OLV, GAB;;ESSENCE Pantalón señora cargo, tiro medio, pierna recta.                                                                           Cintura estampada camuflaje elástica.  (78% poliéster, 20% rayón, 2% spandex);19.90 €
DK140T;;1;XS-XL;NAV, BLAK, PWT, ROY, WIN, CIE, CAR, WHT, TLB, OLV, GAB;;ESSENCE Pantalón señora cargo, tiro medio, pierna recta.                                                                           Cintura estampada camuflaje elástica.  (78% poliéster, 20% rayón, 2% spandex);19.90 €
DK140T EX;;1;2XL;NAV, BLAK, PWT, ROY, WIN, CIE, CAR, WHT, TLB, OLV, GAB;;ESSENCE Pantalón señora cargo, tiro medio, pierna recta.                                                                           Cintura estampada camuflaje elástica.  (78% poliéster, 20% rayón, 2% spandex);21.90 €
DK160;;1;XS-XL;NAV, BLAK, PWT, ROY, HUN, CIE, CAR;;ESSENCE Pantalón caballero cargo, tiro medio, pierna recta.                                                                           Cintura elástica con botón. (78% poliéster, 20% rayón, 2% spandex);20.60 €
DK160EX;;1;2XL-5XL;NAV, BLAK, PWT, ROY, HUN, CIE, CAR;;ESSENCE Pantalón caballero cargo, tiro medio, pierna recta.                                                                           Cintura elástica con botón. (78% poliéster, 20% rayón, 2% spandex);22.70 €
DK160S;;1;"XS-XL
";NAV, BLAK, PWT, ROY, HUN, CIE, CAR;;ESSENCE Pantalón caballero cargo, tiro medio, pierna recta.                                                                           Cintura elástica con botón. (78% poliéster, 20% rayón, 2% spandex);20.60 €
DK160S EX;;1;2XL-5XL;NAV, BLAK, PWT, ROY, HUN, CIE, CAR;;ESSENCE Pantalón caballero cargo, tiro medio, pierna recta.                                                                           Cintura elástica con botón. (78% poliéster, 20% rayón, 2% spandex);22,70 €
DK302;;1;XXS-XL;BLK, CAR, CIE, GAB, HPKZ, NAV, OLV, PWT, ROY, WHT, WIN;;ESSENCE Chaqueta señora, corte entallado, cierre cremallera                                                                                   (78% poliester, 20 %rayon, 2% spandex) ;19,90 €
DK302 EX;;1;2XL-5XL;BLK, CAR, CIE, GAB, HPKZ, NAV, OLV, PWT, ROY, WHT, WIN;;ESSENCE Chaqueta señora, corte entallado, cierre cremallera                                                                                  (78% poliester, 20 %rayon, 2% spandex);22,00 €
DK310;;1;XS-XL;"BLK, NAV, PWT, 
ROY, CIE, CAR,
WHT";;DYNAMIX Chaqueta caballero sport cierre cremallera                                                                                                                            (91% Poliéster, 9% Spandex);24.60 €
DK310 EX;;1;2XL-5XL;"BLK, NAV, PWT, 
ROY, CIE, CAR,
WHT";;DYNAMIX Chaqueta caballero sport cierre cremallera                                                                                                                            (91% Poliéster, 9% Spandex);26.50 €
DK330;;1;XXS-XL;"BLK, NAV, PWT,
 ROY, CIE, WIN, 
CAR, WHT";;DYNAMIX Chaqueta señora, dos bolsillos, cremallera central                                                                                                                          (91% Poliéster, 9% Spandex);22.70 €
DK330 EX;;1;2XL-5XL;"BLK, NAV, PWT,
 ROY, CIE, WIN, 
CAR, WHT";;DYNAMIX Chaqueta señora, dos bolsillos, cremallera central                                                                                                                          (91% Poliéster, 9% Spandex);24.60 €
DK340;;1;XXS-XL;"BLK, NAV, PWT,
ROY, CIE, WIN, 
CAR, WHT";;"DYNAMIX Chaqueta, señora con cremallera central
(91% Poliéster, 9% Spandex)";22.70 €
DK340 EX;;1;2XL-5XL;"BLK, NAV, PWT,
ROY, CIE, WIN, 
CAR, WHT";;"DYNAMIX Chaqueta, señora con cremallera central
(91% Poliéster, 9% Spandex)";24.60 €
DK605;;1;XS-XL;BLWZ , CAWZ , CIWZ , NVWZ , PTWT , ROWZ , WHWZ , WIWZ;;EDS SIGNATURE Filipina señora, manga corta, cierre central abotonado                                                                             ( 55% algodón , 45% poliester );13,85 €
DK605 EX;;1;2XL-5XL;BLWZ , CAWZ , CIWZ , NVWZ , PTWT , ROWZ , WHWZ , WIWZ;;EDS SIGNATURE Filipina señora, manga corta, cierre central abotonado                                                                               ( 55% algodón , 45% poliester );16,00 €
DK610;;1;XXS-XL;"BLK, NAV, PWT, ROY,                  CIE, CAR,
WHT";;DYNAMIX Filipina caballero cuello v, corte clásico                                                                                                                   (91% Poliéster, 9% Spandex);18.90 €
DK610 EX;;1;2XL-5XL;"BLK, NAV, PWT, ROY,               CIE, CAR,
WHT";;DYNAMIX Filipina caballero cuello v, corte clásico                                                                                                                   (91% Poliéster, 9% Spandex);20.80 €
DK630;;1;XS-XL;NAV, BLAK, PWT, ROY, HUN, CIE, CAR;;"ESSENCE Filipina caballero cuerllo v, corte clásico
(78% poliéster, 20% rayón, 2% spandex)";17.80 €
DK630 EX;;1;2XL-5XL;NAV, BLAK, PWT, ROY, HUN, CIE, CAR;;"ESSENCE Filipina caballero cuerllo v, corte clásico
(78% poliéster, 20% rayón, 2% spandex)";19.90 €
DK640;;1;XS-XL;"BLK, NAV, PWT,
ROY, CIE, CAR,
WHT , WIN, CAB, HUN";;DYNAMIX Filipina caballero cuello v, corte clásico                                                                                                                   (91% Poliéster, 9% Spandex);19.90 €
DK640 EX;;1;2XL-5XL;"BLK, NAV, PWT,
ROY, CIE, CAR,
WHT , WIN, CAB, HUN";;DYNAMIX Filipina caballero cuello v, corte clásico                                                                                                                   (91% Poliéster, 9% Spandex);22.00 €
DK670;;1;XS-XL;BLK, NAV, PWT, CAR;;DYNAMIX Filipina caballero cuello redondo, corte clásico                                                                                                                   (91% Poliéster, 9% Spandex);22.00 €
DK670 EX;;1;2XL-5XL;BLK, NAV, PWT, CAR;;DYNAMIX Filipina caballero cuello redondo, corte clásico                                                                                                                   (91% Poliéster, 9% Spandex);23.40 €
DK715;;1;XXS-XL;BLKZ , HPKZ , NVYZ , PWT , RYLZ;;XTREME STRETCH Filipina señora, cuello V doble con vivo, corte entallado                                                                          ( 75% poliester, 21% rayon, 4% spandex );18,15 €
DK715 EX;;1;2XL-5XL;BLKZ , HPKZ , NVYZ , PWT , RYLZ;;XTREME STRETCH Filipina señora, cuello V doble con vivo, corte entallado                                                                         ( 75% poliester, 21% rayon, 4% spandex );20,25 €
DK720;;1;XXS-XL;BLK, NAV, PWT, ROY,                CIE, WIN, CAR,WHT,                  COPK, VCRL;;DYNAMIX Filipina cuello redondo, corte entallado                                                                                                       (91% Poliéster, 9% Spandex);17.00 €
DK720 EX;;1;2XL-5XL;BLK, NAV, PWT, ROY,                CIE, WIN, CAR,WHT,                  COPK, VCRL;;DYNAMIX Filipina cuello redondo, corte entallado                                                                                                       (91% Poliéster, 9% Spandex);18,90 €
DK730;;1;XXS-XL;BLK, NAV, PWT, ROY, CIE,WIN, CAR, WHT, COPK, VCRL;;DYNAMIX Filipina señora cuello v, corte entallado                                                                                                       (91% Poliéster, 9% Spandex);18.25 €
DK730 EX;;1;2XL-5XL;BLK, NAV, PWT, ROY, CIE,WIN, CAR, WHT, COPK, VCRL;;DYNAMIX Filipina señora cuello v, corte entallado                                                                                                       (91% Poliéster, 9% Spandex);20.15 €
DK740;;1;XXS-XL;"BLK, COPK, 
PWT, VCRL";;DYNAMIX Filipina señora cuello v, corte entallado.  (91% Poliéster, 9% Spandex);18.25 €
DK740 EX;;1;2XL-5XL;"BLK, COPK, 
PWT, VCRL";;DYNAMIX Filipina señora cuello v, corte entallado.  (91% Poliéster, 9% Spandex);20.15 €
DK800;;1;XXS-XL;BLKZ, CBLZ, CRBZ, CRMZ,  DWHZ, EGPZ, HPKZ, ITQZ, NVYZ, PEWZ, RYLZ, WINZ;;GEN FLEX Filipina señora cuello V, corte clásico                                                                                                                                                     (52% algodón, 45% poliester, 3% spandex);14,30 €
DK800 EX ;;1;2XL-5XL;BLKZ, CBLZ, CRBZ, CRMZ,  DWHZ, EGPZ, HPKZ, ITQZ, NVYZ, PEWZ, RYLZ, WINZ;;GEN FLEX Filipina señora cuello V, corte clásico                                                                                                           (52% algodón, 45% poliester, 3% spandex);16,40 €
DK803;;1;XXS-XL;BLK, CAR, CIE, GAB, HPKZ, NAV, OLV, PWT, ROY, TLB, WHT, WIN , EGG , TRQ;;ESSENCE Filipina señora cuello v, corte entallado                                                                                                                                                           (78% poliester, 20% rayón, 2% spandex);15,00 €
DK803 EX;;1;2XL-5XL;BLK, CAR, CIE, GAB, HPKZ, NAV, OLV, PWT, ROY, TLB, WHT, WIN , EGG , TRQ;;ESSENCE Filipina señora cuello v, corte entallado                                                                                                  (78% poliester, 20% rayón, 2% spandex);17,10 €
DK804;;1;XXS-XL;BLK, CAR, CIE, GAB, HPKZ, NAV, OLV, PWT, ROY, TLB, WHT, WIN , EGG , TRQ;;ESSENCE Filipina señora cuello V cruzado, corte entallado                                                                                         (78% poliester, 20% rayón, 2% spandex);15,70 €
DK804 EX;;1;2XL-5XL;BLK, CAR, CIE, GAB, HPKZ, NAV, OLV, PWT, ROY, TLB, WHT, WIN , EGG , TRQ;;ESSENCE Filipina señora cuello V cruzado, corte entallado                                                                                                                                   (78% poliester, 20% rayón, 2% spandex);17,80 €
DK900;;1;XS-XL;BLK, WHT;;DYNAMIX Camiseta señora cuello redondo, manga larga                                                                                              (91% Poliéster, 9% Spandex) ;13.85 €
DK900 EX;;1;2XL;BLK, WHT;;DYNAMIX Camiseta señora cuello redondo, manga larga                                                                                           (91% Poliéster, 9% Spandex);15.10 €
DK910;;1;XS-XL;BLK, WHT;;DYNAMIX Camiseta caballero  cuello redondo, manga larga                                                                                    (91% Poliéster, 9% Spandex);14,45 €
DK910 EX;;1;2XL;BLK, WHT;;DYNAMIX Camiseta caballero  cuello redondo, manga larga                                                                                     (91% Poliéster, 9% Spandex);15,75 €
DK920;;1;XS-XL;BLK, NAV;;DYNAMIX Camiseta señora cuello redondo, manga larga                                                                                            (91% Poliéster, 9% Spandex) ;15.00 €
DK920 EX;;1;2XL;BLK, NAV;;DYNAMIX Camiseta señora cuello redondo, manga larga                                                                                         (91% Poliéster, 9% Spandex);16,40 €
